{"cameraMode":{"drawMode":0,"name":"Shaded","section":"Shading Mode"},"sceneLighting":true,"audioPlay":false,"sceneViewState":{"m_AlwaysRefresh":true,"showFog":true,"showSkybox":true,"showFlares":true,"showImageEffects":true,"showParticleSystems":true,"showVisualEffectGraphs":true,"m_FxEnabled":true},"in2DMode":false,"pivot":{"x":-0.15347608923912049,"y":2.2733709812164308,"z":5.289093971252441},"rotation":{"x":-0.022146455943584443,"y":0.9744022488594055,"z":-0.194157212972641,"w":-0.11114469170570374},"size":12.74876880645752,"orthographic":false}